AAGCTTATCC	etort-298_R1.fastq.gz
CTACAACGGC	etort-299_R1.fastq.gz
GAGAGTACTA	etort-300_R1.fastq.gz
TTGTTGGCGG	etort-301_R1.fastq.gz
AGAACCACAT	etort-71_R1.fastq.gz 
CCGGTGGAAT	etort-73_R1.fastq.gz
CTATGCTAAG	etort-76_R1.fastq.gz
GCAGGCGTAT	etort-77_R1.fastq.gz
GCCTTCAGGA	etort-78_R1.fastq.gz
GAGAGTACTA	etort-79_R1.fastq.gz
AACCGAGTTA	etort-82_R1.fastq.gz
AATACTTCCG	etort-83_R1.fastq.gz
AATTAAGGCC	etort-84_R1.fastq.gz
AGCTCAACGA	etort-88_R1.fastq.gz
GGCGAAGGTT	etort-80_R1.fastq.gz
TTGTTGGCGG	etort-81_R1.fastq.gz
ACCGCCTATT	etort-85_R1.fastq.gz
AAGCTTATCC	etort-86_R1.fastq.gz
AGAACCACAT	etort-87_R1.fastq.gz
CCGGTGGAAT	etort-89_R1.fastq.gz
CTACAACGGC	etort-91_R1.fastq.gz
CTATGCTAAG	etort-92_R1.fastq.gz
GCAGGCGTAT	etort-93_R1.fastq.gz
GCCTTCAGGA	etort-94_R1.fastq.gz
TTGTTGGCGG	etort-1_R1.fastq.gz
AATTAAGGCC	etort-2_R1.fastq.gz
AAGCTTATCC	etort-3_R1.fastq.gz
CCGGTGGAAT	etort-4_R1.fastq.gz
CTAACGATCG	etort-5_R1.fastq.gz
CTACAACGGC	etort-6_R1.fastq.gz
CTATGCTAAG	etort-7_R1.fastq.gz
GCCTTCAGGA	etort-8_R1.fastq.gz
GAGAGTACTA	etort-9_R1.fastq.gz
GGCGAAGGTT	etort-10_R1.fastq.gz
TTGTTGGCGG	etort-11_R1.fastq.gz
AATTAAGGCC	etort-12_R1.fastq.gz
AAGCTTATCC	etort-13_R1.fastq.gz
CCGGTGGAAT	etort-14_R1.fastq.gz
CTAACGATCG	etort-15_R1.fastq.gz
CTACAACGGC	etort-16_R1.fastq.gz
CTATGCTAAG	etort-17_R1.fastq.gz
GCCTTCAGGA	etort-18_R1.fastq.gz
GAGAGTACTA	etort-19_R1.fastq.gz
GGCGAAGGTT	etort-20_R1.fastq.gz
TTGTTGGCGG	etort-21_R1.fastq.gz
AATTAAGGCC	etort-22_R1.fastq.gz
AAGCTTATCC	etort-23_R1.fastq.gz
CCGGTGGAAT	etort-24_R1.fastq.gz
CTAACGATCG	etort-30_R1.fastq.gz
CTACAACGGC	etort-31_R1.fastq.gz
CTATGCTAAG	etort-32_R1.fastq.gz
GCCTTCAGGA	etort-33_R1.fastq.gz
GAGAGTACTA	etort-34_R1.fastq.gz
GGCGAAGGTT	etort-35_R1.fastq.gz
TTGTTGGCGG	etort-36_R1.fastq.gz
AATTAAGGCC	etort-37_R1.fastq.gz
AAGCTTATCC	etort-38_R1.fastq.gz
CCGGTGGAAT	etort-39_R1.fastq.gz
CTAACGATCG	etort-40_R1.fastq.gz
CTACAACGGC	etort-41_R1.fastq.gz
CTATGCTAAG	etort-42_R1.fastq.gz
GCCTTCAGGA	etort-43_R1.fastq.gz
GAGAGTACTA	etort-44_R1.fastq.gz
GGCGAAGGTT	etort-45_R1.fastq.gz
TTGTTGGCGG	etort-46_R1.fastq.gz
AATTAAGGCC	etort-47_R1.fastq.gz
AAGCTTATCC	etort-48_R1.fastq.gz
CCGGTGGAAT	etort-49_R1.fastq.gz
CTAACGATCG	etort-50_R1.fastq.gz
CTACAACGGC	etort-51_R1.fastq.gz
CTATGCTAAG	etort-52_R1.fastq.gz
GCCTTCAGGA	etort-53_R1.fastq.gz
GAGAGTACTA	etort-54_R1.fastq.gz
GGCGAAGGTT	etort-55_R1.fastq.gz
TTGTTGGCGG	etort-56_R1.fastq.gz
AATTAAGGCC	etort-57_R1.fastq.gz
AAGCTTATCC	etort-58_R1.fastq.gz
CCGGTGGAAT	etort-59_R1.fastq.gz
CTAACGATCG	etort-60_R1.fastq.gz
CTACAACGGC	etort-61_R1.fastq.gz
CTATGCTAAG	etort-25_R1.fastq.gz
GCCTTCAGGA	etort-26_R1.fastq.gz
GAGAGTACTA	etort-27_R1.fastq.gz
GGCGAAGGTT	etort-28_R1.fastq.gz
TTGTTGGCGG	etort-62_R1.fastq.gz
AATTAAGGCC	etort-63_R1.fastq.gz
AAGCTTATCC	etort-64_R1.fastq.gz
CCGGTGGAAT	etort-65_R1.fastq.gz
CTAACGATCG	etort-66_R1.fastq.gz
CTACAACGGC	etort-67_R1.fastq.gz
CTATGCTAAG	etort-68_R1.fastq.gz
GCCTTCAGGA	etort-69_R1.fastq.gz
GAGAGTACTA	etort-70_R1.fastq.gz
GGCGAAGGTT	etort-121_R1.fastq.gz
TTGTTGGCGG	etort-122_R1.fastq.gz
AATTAAGGCC	etort-123_R1.fastq.gz
AAGCTTATCC	etort-124_R1.fastq.gz
CCGGTGGAAT	etort-125_R1.fastq.gz
CTAACGATCG	etort-126_R1.fastq.gz
CTACAACGGC	etort-127_R1.fastq.gz
CTATGCTAAG	etort-128_R1.fastq.gz
GCCTTCAGGA	etort-129_R1.fastq.gz
GAGAGTACTA	etort-130_R1.fastq.gz
GGCGAAGGTT	etort-131_R1.fastq.gz
TTGTTGGCGG	etort-132_R1.fastq.gz
AATTAAGGCC	etort-133_R1.fastq.gz
AAGCTTATCC	etort-134_R1.fastq.gz
CCGGTGGAAT	etort-135_R1.fastq.gz
CTAACGATCG	etort-136_R1.fastq.gz
CTACAACGGC	etort-137_R1.fastq.gz
CTATGCTAAG	etort-138_R1.fastq.gz
GCCTTCAGGA	etort-139_R1.fastq.gz
GAGAGTACTA	etort-95_R1.fastq.gz
GGCGAAGGTT	etort-96_R1.fastq.gz
TTGTTGGCGG	etort-97_R1.fastq.gz
AATTAAGGCC	etort-98_R1.fastq.gz
AAGCTTATCC	etort-99_R1.fastq.gz
CCGGTGGAAT	etort-100_R1.fastq.gz
CTAACGATCG	etort-74_R1.fastq.gz
CTACAACGGC	etort-75_R1.fastq.gz
CTATGCTAAG	etort-102_R1.fastq.gz
GCCTTCAGGA	etort-103_R1.fastq.gz
GAGAGTACTA	etort-104_R1.fastq.gz
GGCGAAGGTT	etort-105_R1.fastq.gz
TTGTTGGCGG	etort-106_R1.fastq.gz
AATTAAGGCC	etort-107_R1.fastq.gz
AAGCTTATCC	etort-108_R1.fastq.gz
CCGGTGGAAT	etort-109_R1.fastq.gz
CTAACGATCG	etort-90_R1.fastq.gz
CTACAACGGC	etort-110_R1.fastq.gz
CTATGCTAAG	etort-111_R1.fastq.gz
GCCTTCAGGA	etort-112_R1.fastq.gz
GAGAGTACTA	etort-113_R1.fastq.gz
GGCGAAGGTT	etort-115_R1.fastq.gz
TTGTTGGCGG	etort-116_R1.fastq.gz
AATTAAGGCC	etort-117_R1.fastq.gz
AAGCTTATCC	etort-119_R1.fastq.gz
CCGGTGGAAT	etort-120_R1.fastq.gz
CTAACGATCG	etort-140_R1.fastq.gz
CTACAACGGC	etort-141_R1.fastq.gz
CTATGCTAAG	etort-142_R1.fastq.gz
GCCTTCAGGA	etort-143_R1.fastq.gz
GAGAGTACTA	etort-144_R1.fastq.gz
GGCGAAGGTT	etort-145_R1.fastq.gz
TTGTTGGCGG	etort-146_R1.fastq.gz
AATTAAGGCC	etort-147_R1.fastq.gz
AAGCTTATCC	etort-148_R1.fastq.gz
CCGGTGGAAT	etort-149_R1.fastq.gz
CTAACGATCG	etort-150_R1.fastq.gz
CTACAACGGC	etort-151_R1.fastq.gz
CTATGCTAAG	etort-152_R1.fastq.gz
GCCTTCAGGA	etort-153_R1.fastq.gz
GAGAGTACTA	etort-154_R1.fastq.gz
GGCGAAGGTT	etort-155_R1.fastq.gz
TTGTTGGCGG	etort-156_R1.fastq.gz
AATTAAGGCC	etort-157_R1.fastq.gz
AAGCTTATCC	etort-158_R1.fastq.gz
CCGGTGGAAT	etort-159_R1.fastq.gz
CTAACGATCG	etort-161_R1.fastq.gz
CTACAACGGC	etort-162_R1.fastq.gz
CTATGCTAAG	etort-163_R1.fastq.gz
GCCTTCAGGA	etort-164_R1.fastq.gz
GAGAGTACTA	etort-166_R1.fastq.gz
GGCGAAGGTT	etort-167_R1.fastq.gz
TTGTTGGCGG	etort-168_R1.fastq.gz
AATTAAGGCC	etort-169_R1.fastq.gz
AAGCTTATCC	etort-170_R1.fastq.gz
CCGGTGGAAT	etort-172_R1.fastq.gz
CTAACGATCG	etort-173_R1.fastq.gz
CTACAACGGC	etort-174_R1.fastq.gz
CTATGCTAAG	etort-175_R1.fastq.gz
GCCTTCAGGA	etort-176_R1.fastq.gz
GAGAGTACTA	etort-177_R1.fastq.gz
GGCGAAGGTT	etort-178_R1.fastq.gz
TTGTTGGCGG	etort-179_R1.fastq.gz
AGCTCAACGA	etort-72_R1.fastq.gz
AAGCTTATCC	etort-180_R1.fastq.gz
CCGGTGGAAT	etort-181_R1.fastq.gz
CTAACGATCG	etort-182_R1.fastq.gz
CTACAACGGC	etort-183_R1.fastq.gz
CTATGCTAAG	etort-184_R1.fastq.gz
GCCTTCAGGA	etort-185_R1.fastq.gz
GAGAGTACTA	etort-186_R1.fastq.gz
GGCGAAGGTT	etort-187_R1.fastq.gz
TTGTTGGCGG	etort-188_R1.fastq.gz
AATTAAGGCC	etort-189_R1.fastq.gz
AAGCTTATCC	etort-190_R1.fastq.gz
CCGGTGGAAT	etort-191_R1.fastq.gz
CTAACGATCG	etort-192_R1.fastq.gz
AGAACCACAT	etort-193_R1.fastq.gz
CTATGCTAAG	etort-194_R1.fastq.gz
GCCTTCAGGA	etort-195_R1.fastq.gz
GAGAGTACTA	etort-196_R1.fastq.gz
GGCGAAGGTT	etort-197_R1.fastq.gz
CTAACGATCG	etort-202_R1.fastq.gz
AGAACCACAT	etort-203_R1.fastq.gz
TTGTTGGCGG	etort-208_R1.fastq.gz
AATTAAGGCC	etort-209_R1.fastq.gz
AAGCTTATCC	etort-210_R1.fastq.gz
CCGGTGGAAT	etort-211_R1.fastq.gz
CTAACGATCG	etort-212_R1.fastq.gz
AGAACCACAT	etort-213_R1.fastq.gz
CTATGCTAAG	etort-214_R1.fastq.gz
GCCTTCAGGA	etort-215_R1.fastq.gz
GAGAGTACTA	etort-216_R1.fastq.gz
GGCGAAGGTT	etort-217_R1.fastq.gz
TTGTTGGCGG	etort-218_R1.fastq.gz
AATTAAGGCC	etort-219_R1.fastq.gz
AAGCTTATCC	etort-220_R1.fastq.gz
CCGGTGGAAT	etort-221_R1.fastq.gz
CTAACGATCG	etort-222_R1.fastq.gz
AGAACCACAT	etort-223_R1.fastq.gz
CTATGCTAAG	etort-224_R1.fastq.gz
GCCTTCAGGA	etort-225_R1.fastq.gz
GAGAGTACTA	etort-226_R1.fastq.gz
GGCGAAGGTT	etort-227_R1.fastq.gz
TTGTTGGCGG	etort-228_R1.fastq.gz
AATTAAGGCC	etort-229_R1.fastq.gz
AAGCTTATCC	etort-230_R1.fastq.gz
CCGGTGGAAT	etort-231_R1.fastq.gz
CTAACGATCG	etort-232_R1.fastq.gz
AGAACCACAT	etort-233_R1.fastq.gz
CTATGCTAAG	etort-234_R1.fastq.gz
GCCTTCAGGA	etort-235_R1.fastq.gz
GAGAGTACTA	etort-236_R1.fastq.gz
GGCGAAGGTT	etort-237_R1.fastq.gz
TTGTTGGCGG	etort-238_R1.fastq.gz
AATTAAGGCC	etort-239_R1.fastq.gz
AAGCTTATCC	etort-240_R1.fastq.gz
CCGGTGGAAT	etort-241_R1.fastq.gz
CTAACGATCG	etort-242_R1.fastq.gz
AGAACCACAT	etort-243_R1.fastq.gz
CTATGCTAAG	etort-244_R1.fastq.gz
GCCTTCAGGA	etort-245_R1.fastq.gz
GAGAGTACTA	etort-247_R1.fastq.gz
GGCGAAGGTT	etort-248_R1.fastq.gz
TTGTTGGCGG	etort-249_R1.fastq.gz
AATTAAGGCC	etort-250_R1.fastq.gz
AAGCTTATCC	etort-251_R1.fastq.gz
CCGGTGGAAT	etort-252_R1.fastq.gz
CTAACGATCG	etort-253_R1.fastq.gz
AGAACCACAT	etort-254_R1.fastq.gz
CTATGCTAAG	etort-255_R1.fastq.gz
GCCTTCAGGA	etort-256_R1.fastq.gz
GAGAGTACTA	etort-257_R1.fastq.gz
GGCGAAGGTT	etort-258_R1.fastq.gz
TTGTTGGCGG	etort-259_R1.fastq.gz
AATTAAGGCC	etort-260_R1.fastq.gz
AAGCTTATCC	etort-261_R1.fastq.gz
CCGGTGGAAT	etort-262_R1.fastq.gz
CTAACGATCG	etort-263_R1.fastq.gz
AGAACCACAT	etort-264_R1.fastq.gz
CTATGCTAAG	etort-265_R1.fastq.gz
GCCTTCAGGA	etort-266_R1.fastq.gz
GAGAGTACTA	etort-267_R1.fastq.gz
GGCGAAGGTT	etort-268_R1.fastq.gz
TTGTTGGCGG	etort-269_R1.fastq.gz
AATTAAGGCC	etort-270_R1.fastq.gz
AAGCTTATCC	etort-271_R1.fastq.gz
CCGGTGGAAT	etort-272_R1.fastq.gz
CTAACGATCG	etort-273_R1.fastq.gz
AGAACCACAT	etort-274_R1.fastq.gz
CTATGCTAAG	etort-275_R1.fastq.gz
GCCTTCAGGA	etort-276_R1.fastq.gz
GAGAGTACTA	etort-277_R1.fastq.gz
GGCGAAGGTT	etort-278_R1.fastq.gz
TTGTTGGCGG	etort-289_R1.fastq.gz
AATTAAGGCC	etort-296_R1.fastq.gz
AAGCTTATCC	etort-297_R1.fastq.gz
CCGGTGGAAT	etort-282_R1.fastq.gz
CTAACGATCG	etort-283_R1.fastq.gz
AGAACCACAT	etort-284_R1.fastq.gz
CTATGCTAAG	etort-285_R1.fastq.gz
GCCTTCAGGA	etort-286_R1.fastq.gz
GAGAGTACTA	etort-287_R1.fastq.gz
GGCGAAGGTT	etort-288_R1.fastq.gz
